DD/MM,2000,2001,2002,2003,2004,2005,2006,2007,2008,2009,2010,2011,2012,2013,2014,2015,2016,2017,2018,2019,,,,,,,,,,,,,,,,,,,,,,,,,,,,,,,,,,,,,
1-Ene,18.5,18.3,17,18.7,18.9,19.5,19,18,,,,15.8,17.3,17.9,17.1,18,18.1,18.8,18.6,18.3,,,,,,,,,,,,,,,,,,,,,,,,,,,,,,,,,,,,,
2-Ene,18.5,18,17.2,18.9,19,19.5,18.2,19.4,,,,15.8,17.8,18,17.1,18.4,15.9,18,18.8,18.8,,,,,,,,,,,,,,,,,,,,,,,,,,,,,,,,,,,,,
3-Ene,18,19.5,17.8,18.7,19,19.4,17,18.6,,,,17.7,17.4,19.5,17.9,15.9,16.9,18,16.6,19.7,,,,,,,,,,,,,,,,,,,,,,,,,,,,,,,,,,,,,
4-Ene,18.5,18.9,17.2,19,18.9,19.4,20.3,20.6,,,,16.9,17.6,16.8,17.5,18.4,18.5,18.2,18.5,18.2,,,,,,,,,,,,,,,,,,,,,,,,,,,,,,,,,,,,,
5-Ene,19,19,16.4,18.8,18.5,19.1,20.2,19.9,,,,16.8,21.3,,19,18.5,19.9,18.8,19.7,19.4,,,,,,,,,,,,,,,,,,,,,,,,,,,,,,,,,,,,,
6-Ene,19.3,19,16.5,18.1,17.8,18.8,19.8,20.2,,,,16.8,19.5,,19,18.6,19.5,20.9,18.3,20.2,,,,,,,,,,,,,,,,,,,,,,,,,,,,,,,,,,,,,
7-Ene,19.5,19.4,16.8,18.6,18.8,18.5,16.8,19.4,,,,16.9,20.3,17.6,20.7,18.8,20.9,20,18.7,20.7,,,,,,,,,,,,,,,,,,,,,,,,,,,,,,,,,,,,,
8-Ene,20.2,17.5,19.9,19,19.6,19,18.3,21,,,,18.1,19,16.8,19.3,19,18.5,18,18.8,17.6,,,,,,,,,,,,,,,,,,,,,,,,,,,,,,,,,,,,,
9-Ene,18.3,19.1,18,17.8,21.2,19.5,18.8,20.5,,,,16.2,18.2,17,20.2,18.2,19.7,18.9,17.7,19.4,,,,,,,,,,,,,,,,,,,,,,,,,,,,,,,,,,,,,
10-Ene,19.5,19.5,17,19.1,20.8,20,18.2,18.2,,,,17.1,16.4,17.9,20.5,18.9,18.2,20,19.3,21.1,,,,,,,,,,,,,,,,,,,,,,,,,,,,,,,,,,,,,
11-Ene,19.7,19.9,18.4,19.9,20.8,21.3,18.4,20.1,,,,17.1,16.3,19.6,18.8,19.2,20.2,21.5,18.7,21.1,,,,,,,,,,,,,,,,,,,,,,,,,,,,,,,,,,,,,
12-Ene,19.6,18.8,18.2,19.8,19.6,20.1,19.8,20.4,,,,17.3,15.9,19,18.9,18.9,20,19.9,19.9,20.2,,,,,,,,,,,,,,,,,,,,,,,,,,,,,,,,,,,,,
13-Ene,19.5,19.9,18.1,19.5,20.6,19.5,18.6,20.8,,,,17.2,17.3,18.9,19.1,19,18.3,19,17.3,19.9,,,,,,,,,,,,,,,,,,,,,,,,,,,,,,,,,,,,,
14-Ene,18.5,19.3,18,20,20.7,21.8,18.2,20,,,,17.3,17,17.6,,17.7,20.3,20.1,17.3,18.3,,,,,,,,,,,,,,,,,,,,,,,,,,,,,,,,,,,,,
15-Ene,17.9,18.5,18,19.8,19.1,21.5,18.1,19.7,,,,18.9,16.9,,20.2,17.1,20.4,20.8,17.8,19.7,,,,,,,,,,,,,,,,,,,,,,,,,,,,,,,,,,,,,
16-Ene,19,18.6,18.5,19.5,19.6,22.4,17.9,19.5,,,,17.6,17.4,20.4,,18.1,18.2,21.5,17.8,18.3,,,,,,,,,,,,,,,,,,,,,,,,,,,,,,,,,,,,,
17-Ene,19.5,19,18.5,20.5,18.4,21.5,20.2,20.6,,,,17.1,20,,,18.7,18.8,20.2,18.3,18.7,,,,,,,,,,,,,,,,,,,,,,,,,,,,,,,,,,,,,
18-Ene,19.5,18.5,19.5,20.5,21.4,19.5,19.6,21.3,,,,18.9,17.5,17.9,,18.5,19.1,21.7,17,19.5,,,,,,,,,,,,,,,,,,,,,,,,,,,,,,,,,,,,,
19-Ene,19.4,18.5,18,21,19.9,20.5,21.1,20.5,,,,18.2,16.8,17.1,,16.9,19,21.2,18,,,,,,,,,,,,,,,,,,,,,,,,,,,,,,,,,,,,,,
20-Ene,19.5,21,18,20.6,20,21.5,19.9,20.4,,,,19.1,17.5,19.7,,16.8,,22,19.3,,,,,,,,,,,,,,,,,,,,,,,,,,,,,,,,,,,,,,
21-Ene,19.3,19.5,19.4,20.3,19.1,18.5,21.3,20.2,,,,18,17.3,16.9,20.5,18.5,20.4,22.7,19,,,,,,,,,,,,,,,,,,,,,,,,,,,,,,,,,,,,,,
22-Ene,19.2,19,19,20,18.9,18.6,19.6,19.8,,,,19.1,18.7,18.6,,18.5,19.8,22.1,19.5,,,,,,,,,,,,,,,,,,,,,,,,,,,,,,,,,,,,,,
23-Ene,20,19.9,19,20,17.4,21,19.8,19,,,,18.7,17.3,18.1,21.6,18.8,21.3,23,19.1,,,,,,,,,,,,,,,,,,,,,,,,,,,,,,,,,,,,,,
24-Ene,20,19,18.9,19.3,16.6,21,19.6,18.9,,,,16.5,16.8,17.5,,18.3,21,22,18.3,,,,,,,,,,,,,,,,,,,,,,,,,,,,,,,,,,,,,,
25-Ene,19.5,18.9,18.6,20.5,16,18.5,19.7,21.2,,,,17.1,19.5,,,18.7,19.1,21.7,19,,,,,,,,,,,,,,,,,,,,,,,,,,,,,,,,,,,,,,
26-Ene,19.5,19.9,18.9,20.5,18.7,18.5,18.8,20.7,,,,17.6,17.8,,,17.6,21.2,22.5,19.3,,,,,,,,,,,,,,,,,,,,,,,,,,,,,,,,,,,,,,
27-Ene,19.5,19.6,18.6,20.2,19.3,18.4,19.1,20,,,,18.1,16.6,18.3,17.9,19.6,19.2,23,18.8,,,,,,,,,,,,,,,,,,,,,,,,,,,,,,,,,,,,,,
28-Ene,20.5,19,18.4,21,20.5,18.1,19.9,20.2,,,,20.2,18,18,,17.1,20.8,23.5,17.6,,,,,,,,,,,,,,,,,,,,,,,,,,,,,,,,,,,,,,
29-Ene,21.4,19.4,18.6,19,19,19.1,19.1,20.3,,,,20.1,18.3,18.1,18,18.2,22.1,23.4,19.2,,,,,,,,,,,,,,,,,,,,,,,,,,,,,,,,,,,,,,
30-Ene,20.1,18.5,19.4,19.4,19.6,18.5,20,19.9,,,,20.5,17.9,18.9,,21.1,21.3,22.3,18.6,,,,,,,,,,,,,,,,,,,,,,,,,,,,,,,,,,,,,,
31-Ene,20,19,18.6,20.3,18.8,19,21,19,,,,19.3,18.4,17.9,19.5,20.7,22.1,22,19.1,,,,,,,,,,,,,,,,,,,,,,,,,,,,,,,,,,,,,,
1-Feb,21.1,19,19.4,20.9,20,20,21.1,18,,,,18.7,19.4,18.6,18.4,20.1,19.9,22.3,18.2,,,,,,,,,,,,,,,,,,,,,,,,,,,,,,,,,,,,,,
2-Feb,19.9,20.8,21.4,21.2,20,19.6,20.9,19.3,,,,19.6,19.9,,18.8,20.1,21.7,22.1,18.1,,,,,,,,,,,,,,,,,,,,,,,,,,,,,,,,,,,,,,
3-Feb,18.9,20.5,20,21.4,20.5,18.6,21,19.5,,,,19.5,18.4,18.1,17.4,19.4,22.3,21.9,18.6,,,,,,,,,,,,,,,,,,,,,,,,,,,,,,,,,,,,,,
4-Feb,18.9,21.3,21.4,20.7,19.5,19.7,21.3,19,,,,19.4,18.5,19.4,17.9,20.5,21.6,21.2,21.2,,,,,,,,,,,,,,,,,,,,,,,,,,,,,,,,,,,,,,
5-Feb,19.8,19.9,22.1,20.2,21.5,19.3,21.5,20.1,,,,18.5,19.5,,17.7,20.7,20.1,21.9,19.6,,,,,,,,,,,,,,,,,,,,,,,,,,,,,,,,,,,,,,
6-Feb,19.6,19.6,21.4,20.5,21.5,18,22,20.1,,,,20.3,19.5,20.3,18.1,21.8,20.2,20.9,20.1,,,,,,,,,,,,,,,,,,,,,,,,,,,,,,,,,,,,,,
7-Feb,20.2,20,22,21.6,20.8,19,21.4,21.2,,,,20,20,20.4,17.7,21.4,20.3,20.2,18.9,,,,,,,,,,,,,,,,,,,,,,,,,,,,,,,,,,,,,,
8-Feb,19,20.7,21.9,20.9,20.7,18.5,20,20.1,,,,21.1,20.2,21,19,19.5,21.7,21.2,18.9,,,,,,,,,,,,,,,,,,,,,,,,,,,,,,,,,,,,,,
9-Feb,19.1,20,20.5,20.5,21,20.5,20.9,19.8,,,,20.9,20.3,22.1,19.3,19.4,21.6,20.4,18,,,,,,,,,,,,,,,,,,,,,,,,,,,,,,,,,,,,,,
10-Feb,18.2,19.8,19.7,21.4,20.5,20,21,21.5,,,,18.5,20.9,21.9,18.1,20.2,21.5,20.8,19.6,,,,,,,,,,,,,,,,,,,,,,,,,,,,,,,,,,,,,,
11-Feb,19.3,19.4,19.7,20.4,20.5,21.2,21.1,21.1,,,,19.7,19.3,,16.7,19.9,21.8,21.6,19.7,,,,,,,,,,,,,,,,,,,,,,,,,,,,,,,,,,,,,,
12-Feb,19.1,19.4,19.3,21.1,20.5,21.1,19.8,20.8,,,,19.9,20.1,19,19.4,19.8,21.4,21,19.2,,,,,,,,,,,,,,,,,,,,,,,,,,,,,,,,,,,,,,
13-Feb,19,20.5,18.6,20.6,20.2,20.8,20.4,21.1,,,,20.7,18.8,19.1,18.2,20.6,20.3,20.7,20.3,,,,,,,,,,,,,,,,,,,,,,,,,,,,,,,,,,,,,,
14-Feb,20.2,21,18.6,21.1,19.6,19.2,21.5,21.3,,,,19.1,,18,17.1,,,20.8,19.8,,,,,,,,,,,,,,,,,,,,,,,,,,,,,,,,,,,,,,
15-Feb,22,20.4,18.4,21.4,19.5,17.8,20.9,20.8,,,,18.2,20.1,,18.8,20.3,20.4,20.6,20,,,,,,,,,,,,,,,,,,,,,,,,,,,,,,,,,,,,,,
16-Feb,21.9,20,19.4,20.5,19.7,18,20.7,20.9,,,,19.7,20.1,18.7,19.2,18.9,,21.1,20.6,,,,,,,,,,,,,,,,,,,,,,,,,,,,,,,,,,,,,,
17-Feb,21.6,19,19.2,19.4,19.1,18.2,19.9,20.8,,,,18.6,20.3,20,20.5,21.1,21.6,21.8,20,,,,,,,,,,,,,,,,,,,,,,,,,,,,,,,,,,,,,,
18-Feb,20.1,22,19,20,19.5,19.8,20.6,19,,,,18.4,18.6,19.9,17.9,20.2,21.5,21.6,21.1,,,,,,,,,,,,,,,,,,,,,,,,,,,,,,,,,,,,,,
19-Feb,19.2,20,18.3,19.8,20.5,21,21.1,20.4,,,,18.3,20.2,19.2,18.1,19.4,21.9,20,20.6,,,,,,,,,,,,,,,,,,,,,,,,,,,,,,,,,,,,,,
20-Feb,20,20,19.6,20.4,19.5,19.6,20.2,19.2,,,,17.4,21,17.5,17.7,21.3,21.6,19.8,18.6,,,,,,,,,,,,,,,,,,,,,,,,,,,,,,,,,,,,,,
21-Feb,20.3,22.2,19.7,20,20.3,19.9,19.9,18.4,,,,18.5,18,18,19.3,21.4,20.6,20,19.7,,,,,,,,,,,,,,,,,,,,,,,,,,,,,,,,,,,,,,
22-Feb,20.5,22.5,21,20.9,19,19.2,20,18.4,,,,19.1,18.6,20.6,18.5,21,21.7,20.9,18.6,,,,,,,,,,,,,,,,,,,,,,,,,,,,,,,,,,,,,,
23-Feb,20.8,22.6,20.6,19.9,18.6,20.7,20.4,18.6,,,,18.8,18,20.1,18.6,19.6,22.5,22,19.3,,,,,,,,,,,,,,,,,,,,,,,,,,,,,,,,,,,,,,
24-Feb,20.3,22,20.4,19.6,18,18.5,19.2,17.5,,,,17.6,18.5,19.4,20,20.2,22.7,19.7,19,,,,,,,,,,,,,,,,,,,,,,,,,,,,,,,,,,,,,,
25-Feb,20.4,21.3,20.5,20.1,18.8,18.8,19.5,18.1,,,,18.8,19.7,19.5,19.8,20,23,20.4,18.5,,,,,,,,,,,,,,,,,,,,,,,,,,,,,,,,,,,,,,
26-Feb,20.2,20.4,18.8,21.3,20.8,19.9,20.5,17.9,,,,19.7,17.2,20.2,19.5,18.8,21.4,21.7,20.7,,,,,,,,,,,,,,,,,,,,,,,,,,,,,,,,,,,,,,
27-Feb,20.1,20.5,18.6,21,20.9,20.6,19.6,19.6,,,,,17.6,20.1,21,19.5,22,22.7,21.2,,,,,,,,,,,,,,,,,,,,,,,,,,,,,,,,,,,,,,
28-Feb,19.4,21,20.9,21.4,19.3,20.5,20.5,18.4,,,,,18.7,20.5,19.4,19,22,23.1,18.6,,,,,,,,,,,,,,,,,,,,,,,,,,,,,,,,,,,,,,
29-Feb,18.9,,,,18.4,,,,,,,,18.9,,,,20.7,,,,,,,,,,,,,,,,,,,,,,,,,,,,,,,,,,,,,,,,
1-Mar,19.5,19.9,22.7,19.5,18.6,19.5,21,19,,,,,18.6,19.8,20.6,19.2,21.9,22.5,19.9,,,,,,,,,,,,,,,,,,,,,,,,,,,,,,,,,,,,,,
2-Mar,20.6,20.2,21.5,19.5,19,19,20.1,20.2,,,,16.3,18.8,21.5,21.9,20,20.4,22.6,18,,,,,,,,,,,,,,,,,,,,,,,,,,,,,,,,,,,,,,
3-Mar,19.2,21,19.2,19,19.1,17.5,19.2,20.2,,,,18.4,17.9,20.4,21.5,18.7,20.6,21.9,19.8,,,,,,,,,,,,,,,,,,,,,,,,,,,,,,,,,,,,,,
4-Mar,19.4,21.1,18.6,19.6,19.9,17.3,19.8,19.8,,,,19.4,19.7,19.3,19.6,20.3,21.6,21.9,20,,,,,,,,,,,,,,,,,,,,,,,,,,,,,,,,,,,,,,
5-Mar,19,20,19.4,19.6,19.8,17.5,19.7,20,,,,18.9,19.3,21.5,20.4,19.9,21.2,20.8,19.3,,,,,,,,,,,,,,,,,,,,,,,,,,,,,,,,,,,,,,
6-Mar,19.9,19,20.1,19.4,20.3,20.5,20,19.6,,,,20,19.4,20.4,20.6,19.1,21.4,22.2,18.6,,,,,,,,,,,,,,,,,,,,,,,,,,,,,,,,,,,,,,
7-Mar,20,19.5,19.7,20.3,19.4,19.5,20.3,20.5,,,,16.8,19.7,21.3,19.8,19.8,20.5,20.9,18,,,,,,,,,,,,,,,,,,,,,,,,,,,,,,,,,,,,,,
8-Mar,20,19.4,19.7,20.1,19,21.5,20.9,20,,,,18,19.8,19.9,19.6,18.4,20.9,21.7,18.5,,,,,,,,,,,,,,,,,,,,,,,,,,,,,,,,,,,,,,
9-Mar,21,20,21.6,20,18.7,19.5,22.1,21.4,,,,18.3,19.6,18.8,19.3,18.6,20.5,22.1,19.9,,,,,,,,,,,,,,,,,,,,,,,,,,,,,,,,,,,,,,
10-Mar,20.5,19.6,21.1,19.5,18.5,21.4,20.2,18.9,,,,19.2,22.5,20.6,19.2,19.5,21.2,22.4,17.9,,,,,,,,,,,,,,,,,,,,,,,,,,,,,,,,,,,,,,
11-Mar,20.5,19.3,20.1,20.4,19,20.5,21,19.4,,,,20.3,21.4,19.7,19.6,18.6,20.6,21.2,18.6,,,,,,,,,,,,,,,,,,,,,,,,,,,,,,,,,,,,,,
12-Mar,19,19.9,20.1,19.8,18.6,20.5,18.4,19.6,,,,17.9,21,20.5,19.2,20.3,21.1,21.1,19.6,,,,,,,,,,,,,,,,,,,,,,,,,,,,,,,,,,,,,,
13-Mar,19.2,19.4,21.6,20,19.6,19.5,20.9,19.8,,,,20.4,19.7,21.2,19.6,19.7,19.9,21.6,19.1,,,,,,,,,,,,,,,,,,,,,,,,,,,,,,,,,,,,,,
14-Mar,19,20,21.5,20.4,18.5,19.9,21.5,19.3,,,,19.8,19.9,20.7,19.6,19.6,20.9,23,17.8,,,,,,,,,,,,,,,,,,,,,,,,,,,,,,,,,,,,,,
15-Mar,19.1,21,21.4,20,19,19.5,20.8,19.5,,,,17.9,20.1,20,20.2,18.8,19.4,22.2,18.4,,,,,,,,,,,,,,,,,,,,,,,,,,,,,,,,,,,,,,
16-Mar,17.5,21.9,21,19.8,20.3,13.7,19.5,19.5,,,,15.4,20.3,21.7,18.1,19.5,19.7,22.6,20.2,,,,,,,,,,,,,,,,,,,,,,,,,,,,,,,,,,,,,,
17-Mar,17.1,21,21,19.9,19,19.4,19.6,18.4,,,,16.5,19.7,19.9,19.9,19.6,19.9,21.2,20.5,,,,,,,,,,,,,,,,,,,,,,,,,,,,,,,,,,,,,,
18-Mar,17,21.5,21.6,20.5,19,17.7,18.7,18.4,,,,16.9,19.5,17.9,19.2,21.2,19.4,20.8,20.6,,,,,,,,,,,,,,,,,,,,,,,,,,,,,,,,,,,,,,
19-Mar,17.5,23,21.5,20.9,19,17.8,20,20,,,,18,19.5,18.8,19.8,22.1,20,21.5,19.4,,,,,,,,,,,,,,,,,,,,,,,,,,,,,,,,,,,,,,
20-Mar,19.5,20,21.6,19.4,19.3,17.6,19,19.9,,,,19,20,19.5,19,22.5,19.8,21.7,19.5,,,,,,,,,,,,,,,,,,,,,,,,,,,,,,,,,,,,,,
21-Mar,20,21.9,20.6,19.3,19,18.7,19.2,18.2,,,,17.9,20.5,20.1,18.5,22.4,20.2,21.3,18.4,,,,,,,,,,,,,,,,,,,,,,,,,,,,,,,,,,,,,,
22-Mar,17.5,20.6,19.5,19.5,20.4,19,19.4,19.4,,,,19.1,18.9,19.4,18.8,21,20.6,22.4,18.1,,,,,,,,,,,,,,,,,,,,,,,,,,,,,,,,,,,,,,
23-Mar,18.8,20.9,20.4,18.2,19,17.6,20.2,20.2,,,,17.4,20.9,18.4,17.7,21.4,20.4,21.5,19.4,,,,,,,,,,,,,,,,,,,,,,,,,,,,,,,,,,,,,,
24-Mar,18.7,20.6,20.4,18.5,18.5,19,18.2,20.6,,,,18.3,19.7,17.1,18.6,20.9,19.8,21.1,19.4,,,,,,,,,,,,,,,,,,,,,,,,,,,,,,,,,,,,,,
25-Mar,19.7,19.1,20.4,18,18.3,18,18.3,19.7,,,,18.7,18.8,16.8,18.7,21.2,19.8,19.8,18.6,,,,,,,,,,,,,,,,,,,,,,,,,,,,,,,,,,,,,,
26-Mar,19.2,18.8,20.3,19.2,19.8,17.8,19.8,19.9,,,,17.5,18.6,16.8,19.9,19.1,19.8,20.2,18.3,,,,,,,,,,,,,,,,,,,,,,,,,,,,,,,,,,,,,,
27-Mar,19,18.3,21.1,17.5,22.8,18.2,19.5,20,,,,17.6,19.3,18.3,19,18.8,19.7,21.5,19.4,,,,,,,,,,,,,,,,,,,,,,,,,,,,,,,,,,,,,,
28-Mar,18.5,19,21.1,18.5,20.5,18,17.9,20.3,,,,16.6,20.1,17.6,16.8,20.3,20.4,21.6,18,,,,,,,,,,,,,,,,,,,,,,,,,,,,,,,,,,,,,,
29-Mar,19.5,19.9,20.9,18.5,20.1,17.5,20.2,20.1,,,,17.2,18.7,18.1,17,18.9,20.3,19.7,17.8,,,,,,,,,,,,,,,,,,,,,,,,,,,,,,,,,,,,,,
30-Mar,18.9,19.5,21.4,17.5,19.4,19.6,19.4,20.6,,,,17.5,18.5,,16.5,18.5,20.4,19.8,17.2,,,,,,,,,,,,,,,,,,,,,,,,,,,,,,,,,,,,,,
31-Mar,18.5,19,20,19,19,19.8,19.3,18.7,,,,17,18.1,,17.6,18.6,21.5,20.5,16.4,,,,,,,,,,,,,,,,,,,,,,,,,,,,,,,,,,,,,,
1-Abr,19.9,18.9,21.2,20.4,20.2,19.8,19.1,17.9,,,,18.7,18.8,,18.3,18.2,20,21.3,17.4,,,,,,,,,,,,,,,,,,,,,,,,,,,,,,,,,,,,,,
2-Abr,19.2,18.6,20.2,19.5,18.5,18.5,18,19.2,,,,18.2,17.7,,16.7,18.2,20.3,18.7,18.3,,,,,,,,,,,,,,,,,,,,,,,,,,,,,,,,,,,,,,
3-Abr,18.5,18.4,20.8,18,19.4,19,19,17.4,,,,18.2,18.3,18.5,15.9,18,19.9,19.8,17.5,,,,,,,,,,,,,,,,,,,,,,,,,,,,,,,,,,,,,,
4-Abr,18.5,19,20.6,18.5,18.4,19.1,17.8,17.6,,,,16.6,19.5,,16.4,18.5,19.7,18.7,18.1,,,,,,,,,,,,,,,,,,,,,,,,,,,,,,,,,,,,,,
5-Abr,19.4,19.9,20.5,17,18.4,18.5,20.2,18.1,,,,18,19.9,,17.6,19.5,20.2,18.7,16.8,,,,,,,,,,,,,,,,,,,,,,,,,,,,,,,,,,,,,,
6-Abr,19.3,19.6,21,17.9,17.5,18,20.1,17.5,,,,17.9,19.7,16.7,17.4,19.2,19.2,19,17.7,,,,,,,,,,,,,,,,,,,,,,,,,,,,,,,,,,,,,,
7-Abr,19.2,19.4,20.4,17.4,17.5,17.5,20,18,,,,18.6,19.1,16.3,16.7,18.8,19,18.9,17.5,,,,,,,,,,,,,,,,,,,,,,,,,,,,,,,,,,,,,,
8-Abr,19.4,19.9,21.3,17,17.5,17.5,17.5,16,,,,17.1,18.9,,16.8,19.1,19.7,18.9,17.8,,,,,,,,,,,,,,,,,,,,,,,,,,,,,,,,,,,,,,
9-Abr,20.9,19.9,20,17.2,17.4,17.4,17.8,17,,,,17.9,19.8,16.6,17.3,18.6,19.5,18.5,18,,,,,,,,,,,,,,,,,,,,,,,,,,,,,,,,,,,,,,
10-Abr,19.4,19.6,19.4,17.5,20,17.3,17.2,17,,,,16.9,18.3,16.3,16.6,18.5,18.1,20.2,18.7,,,,,,,,,,,,,,,,,,,,,,,,,,,,,,,,,,,,,,
11-Abr,18,18.9,19.9,17.7,19.5,17.2,16.6,16.6,,,,17.4,18,15.4,15.8,18.4,17.8,18.4,16.1,,,,,,,,,,,,,,,,,,,,,,,,,,,,,,,,,,,,,,
12-Abr,18.5,18.3,18.9,18.2,19,17,17,17.3,,,,16.8,17.9,16.3,15.6,18.6,17.3,18.5,16.4,,,,,,,,,,,,,,,,,,,,,,,,,,,,,,,,,,,,,,
13-Abr,18.1,20.4,18,16,18.5,17.4,16.7,16.7,,,,15.5,18.5,15.3,15.9,19.8,17.7,18.1,16.4,,,,,,,,,,,,,,,,,,,,,,,,,,,,,,,,,,,,,,
14-Abr,18,19,17.9,16,18.4,17.5,16.2,16.7,,,,17.5,18.2,16.8,15.9,18.6,18.7,18.6,17.6,,,,,,,,,,,,,,,,,,,,,,,,,,,,,,,,,,,,,,
15-Abr,18.4,18.6,18.2,17.2,18,18,16.7,17.5,,,,17.5,17.7,14.5,15.7,19.3,18.9,18.3,17.1,,,,,,,,,,,,,,,,,,,,,,,,,,,,,,,,,,,,,,
16-Abr,19.2,18.3,18.1,15.5,18,17.5,17.5,17,,,,16.7,17,15.3,16.7,18.5,19.4,18.5,16.1,,,,,,,,,,,,,,,,,,,,,,,,,,,,,,,,,,,,,,
17-Abr,19,17.3,17.5,15.5,17.8,18,16.3,17.1,,,,15.9,18.3,13.7,16.8,19.1,18.1,18,15.9,,,,,,,,,,,,,,,,,,,,,,,,,,,,,,,,,,,,,,
18-Abr,17.5,18.8,18.1,15.3,17.4,17.6,16,17,,,,16.3,16.9,15.2,17,18,18.8,17.4,16,,,,,,,,,,,,,,,,,,,,,,,,,,,,,,,,,,,,,,
19-Abr,17.5,18.9,17.8,15.2,16.2,17,15.2,16.9,,,,16.3,16.8,14.6,16.7,17.7,17.9,19.1,15.8,,,,,,,,,,,,,,,,,,,,,,,,,,,,,,,,,,,,,,
20-Abr,17.6,18.4,17.6,16,15.8,15.7,15.1,18.4,,,,15.8,17.7,16.1,16.1,17.3,17.4,18.3,16.8,,,,,,,,,,,,,,,,,,,,,,,,,,,,,,,,,,,,,,
21-Abr,17.9,19,17.6,14.6,15.2,15.8,15,16.9,,,,16.5,16.9,15.7,16,18,17.2,18.6,17.1,,,,,,,,,,,,,,,,,,,,,,,,,,,,,,,,,,,,,,
22-Abr,17,17.2,17.3,15.8,14.9,16.5,14.1,17,,,,17.2,16.9,14.9,16.5,17.7,16.8,18.3,16.9,,,,,,,,,,,,,,,,,,,,,,,,,,,,,,,,,,,,,,
23-Abr,17.1,16.5,18,14.6,14.5,16.2,14,16.6,,,,16.4,18,15,16.2,16.9,16.7,18.8,16.3,,,,,,,,,,,,,,,,,,,,,,,,,,,,,,,,,,,,,,
24-Abr,19,16.5,19.3,15.5,14,17.8,16,16.9,,,,16.2,16.5,15.1,17.2,17.2,17.3,18.6,18.2,,,,,,,,,,,,,,,,,,,,,,,,,,,,,,,,,,,,,,
25-Abr,17.5,16,17.9,15.1,16.4,18,15.5,17.8,,,,15.6,16.3,14.6,17.7,16.7,17.2,18.5,19.2,,,,,,,,,,,,,,,,,,,,,,,,,,,,,,,,,,,,,,
26-Abr,17.2,16.7,17.4,15.8,16.6,18,16.1,16.9,,,,15.6,17,14.5,16.8,17.9,17.2,17.2,18.4,,,,,,,,,,,,,,,,,,,,,,,,,,,,,,,,,,,,,,
27-Abr,18,16.9,17,15.5,15.1,16.5,18.1,16.3,,,,15.9,16,14.4,14.7,16.9,17.2,17.7,17.5,,,,,,,,,,,,,,,,,,,,,,,,,,,,,,,,,,,,,,
28-Abr,18,16.5,16.5,16.6,15.1,17.2,18,19.1,,,,15.6,15.8,15.7,15.9,17.8,17.1,17.6,18.1,,,,,,,,,,,,,,,,,,,,,,,,,,,,,,,,,,,,,,
29-Abr,17.1,16.1,16.8,16,14,17.8,17.2,16.5,,,,15.4,16.3,,17.2,16.9,16.8,18.3,18,,,,,,,,,,,,,,,,,,,,,,,,,,,,,,,,,,,,,,
30-Abr,17,17.3,17.1,15.6,15,15.5,15.9,15.3,,,,14.9,16.5,,17.4,17.2,16.3,17.9,17.6,,,,,,,,,,,,,,,,,,,,,,,,,,,,,,,,,,,,,,
1-May,16.8,16.9,16.5,17.6,14.2,16.2,16,16,,,,14.8,15.4,14.8,16.5,18.1,16.3,18.1,16.7,,,,,,,,,,,,,,,,,,,,,,,,,,,,,,,,,,,,,,
2-May,15.8,16.3,15.4,16.1,15,16.5,17,15.9,,,,15,16.2,16.9,18.1,17.7,16.7,17.9,16.2,,,,,,,,,,,,,,,,,,,,,,,,,,,,,,,,,,,,,,
3-May,16.2,16.1,15.3,17,13.3,18.3,16.9,16,,,,14.5,15.9,14,,17.2,17.2,17.6,15.5,,,,,,,,,,,,,,,,,,,,,,,,,,,,,,,,,,,,,,
4-May,16.3,17.2,15.2,15.9,12.6,15,14,15.1,,,,13.8,15.7,14.5,,17.4,16.3,16.4,15.4,,,,,,,,,,,,,,,,,,,,,,,,,,,,,,,,,,,,,,
5-May,18,17.4,16.6,15.2,16.5,14.2,15,16,,,,16,15.8,15,,15.7,16.3,16.5,15,,,,,,,,,,,,,,,,,,,,,,,,,,,,,,,,,,,,,,
6-May,17.6,16,16.4,16.2,15.9,14.1,14.2,15,,,,13.2,14.9,13.8,,17.3,15.8,17,16,,,,,,,,,,,,,,,,,,,,,,,,,,,,,,,,,,,,,,
7-May,17,16,16.3,15.6,14.8,14.7,14.9,14.5,,,,13.7,15.5,14.6,,18.7,15.5,18.1,15.9,,,,,,,,,,,,,,,,,,,,,,,,,,,,,,,,,,,,,,
8-May,17.2,17.1,16.5,15.1,14.4,14.7,15.5,15,,,,14,15.3,14.7,,18,15.6,17.1,16.4,,,,,,,,,,,,,,,,,,,,,,,,,,,,,,,,,,,,,,
9-May,17,17,15.5,16.1,13.8,14.5,14.8,14.6,,,,15.1,16.3,14.3,,18.9,16,16.7,17.5,,,,,,,,,,,,,,,,,,,,,,,,,,,,,,,,,,,,,,
10-May,17,16.7,15.5,16.5,14.3,15.5,14,15.2,,,,15.7,15.2,16.8,,16,15.9,17.6,16.2,,,,,,,,,,,,,,,,,,,,,,,,,,,,,,,,,,,,,,
11-May,20.5,16.5,16.2,15.6,13.6,12,14.2,13.7,,,,15.8,16,14.5,,14.9,15.5,19.2,15.7,,,,,,,,,,,,,,,,,,,,,,,,,,,,,,,,,,,,,,
12-May,19,16.1,16.4,15.2,14,12.2,14.2,15.1,,,,16,15.4,14.9,,16.8,15.9,17.5,16.2,,,,,,,,,,,,,,,,,,,,,,,,,,,,,,,,,,,,,,
13-May,19.2,16,16.5,16.2,13.3,12.1,12.9,13.5,,,,16.6,16.1,14.1,,16.6,15.4,16.4,15.4,,,,,,,,,,,,,,,,,,,,,,,,,,,,,,,,,,,,,,
14-May,19,16.9,16.3,16.6,13.7,14,12.1,12.8,,,,15,15.5,14.8,,15.3,14.8,17.8,14.1,,,,,,,,,,,,,,,,,,,,,,,,,,,,,,,,,,,,,,
15-May,19.1,16.4,15.6,15.5,13,13.9,12.2,13,,,,16,15,14.8,,16,14.1,18.7,15,,,,,,,,,,,,,,,,,,,,,,,,,,,,,,,,,,,,,,
16-May,17.5,15.8,16.3,15.9,12.7,14.6,12.9,12.7,,,,16.5,14.2,,,16.7,14.6,17.7,15.7,,,,,,,,,,,,,,,,,,,,,,,,,,,,,,,,,,,,,,
17-May,17.1,15.6,17.7,15.3,12.9,16.6,12,13.4,,,,16,16.7,16.5,,16.8,15.5,17.7,14.9,,,,,,,,,,,,,,,,,,,,,,,,,,,,,,,,,,,,,,
18-May,17,15,16,15.3,13.5,16.9,12.9,13.6,,,,13.7,16.3,17.1,,17.4,16.1,17.6,13.8,,,,,,,,,,,,,,,,,,,,,,,,,,,,,,,,,,,,,,
19-May,17.5,15.8,15.2,16.1,13.7,15.9,12.1,14.1,,,,13.3,16.4,17.1,,18.1,15.8,17.9,13.5,,,,,,,,,,,,,,,,,,,,,,,,,,,,,,,,,,,,,,
20-May,19.5,15.2,16.6,15.4,13.8,14.4,14,15,,,,13.2,14.7,,,17.8,15.8,16.5,14.3,,,,,,,,,,,,,,,,,,,,,,,,,,,,,,,,,,,,,,
21-May,20,14.6,15.8,16,13.9,15.4,13.5,14.1,,,,14.5,15.5,16.7,,17.7,16.4,16.6,13.7,,,,,,,,,,,,,,,,,,,,,,,,,,,,,,,,,,,,,,
22-May,17.5,15.3,15.6,15.5,14.8,14.5,13.4,14.5,,,,14.8,16.7,,,17.5,14.9,15.3,13.5,,,,,,,,,,,,,,,,,,,,,,,,,,,,,,,,,,,,,,
23-May,18.8,14.5,16.5,15.8,14,13.8,12.6,13.3,,,,16,15.9,,,17.7,16,15.8,14.8,,,,,,,,,,,,,,,,,,,,,,,,,,,,,,,,,,,,,,
24-May,18.7,13.1,17.1,15.1,14.6,15.2,11.8,14.3,,,,16.7,,14.8,,15.3,16.8,17.1,16,,,,,,,,,,,,,,,,,,,,,,,,,,,,,,,,,,,,,,
25-May,19.7,14.1,17,13.7,14,13,10.6,14.1,,,,16.7,16.1,11.8,,15.8,15.2,17.4,15.7,,,,,,,,,,,,,,,,,,,,,,,,,,,,,,,,,,,,,,
26-May,19.2,13.3,16.5,15,14.2,13.6,11,11.5,,,,17,,12.3,,15,14.7,17.9,15.4,,,,,,,,,,,,,,,,,,,,,,,,,,,,,,,,,,,,,,
27-May,19,12.4,15.6,15.3,14,15.1,11.3,11.2,,,,15.9,16.1,14.1,,16.8,14.8,17.6,14,,,,,,,,,,,,,,,,,,,,,,,,,,,,,,,,,,,,,,
28-May,18.5,13,15.7,15.2,13,14.5,12,11.2,,,,14,16.1,11.1,,17.6,13.3,17,12.6,,,,,,,,,,,,,,,,,,,,,,,,,,,,,,,,,,,,,,
29-May,19.5,14.1,14.2,13,12.8,15.1,12.2,11.7,,,,11.8,13.4,11.5,,17.6,13.7,17.3,13.4,,,,,,,,,,,,,,,,,,,,,,,,,,,,,,,,,,,,,,
30-May,18.9,14.9,14.5,14.4,12.7,14.9,12,11.8,,,,12.8,13.8,11.8,,16.5,13.6,17.1,13,,,,,,,,,,,,,,,,,,,,,,,,,,,,,,,,,,,,,,
31-May,18.5,14.7,14.2,12,11.2,14,12,11.3,,,,13.5,14.9,13.2,,15,13.5,16.6,14.7,,,,,,,,,,,,,,,,,,,,,,,,,,,,,,,,,,,,,,
1-Jun,14.2,14,13.7,13.5,12,14.8,13.1,12.1,,,,16.2,17.2,11.6,,17.5,13.8,16.5,14.7,,,,,,,,,,,,,,,,,,,,,,,,,,,,,,,,,,,,,,
2-Jun,15,15.4,13.7,12,12.7,15.5,14,11.4,,,,12.4,17.7,10.8,,17.9,15.7,16.6,13.4,,,,,,,,,,,,,,,,,,,,,,,,,,,,,,,,,,,,,,
3-Jun,14.5,13.5,16.1,12,12.5,12.3,13,11,,,,13.7,17.9,11.8,,17.3,15.7,16.3,,,,,,,,,,,,,,,,,,,,,,,,,,,,,,,,,,,,,,,
4-Jun,15.4,15,14.5,12.6,11.5,15,11.3,12.1,,,,15.4,17,11.7,,17.4,,16.6,13.8,,,,,,,,,,,,,,,,,,,,,,,,,,,,,,,,,,,,,,
5-Jun,15.5,15.2,13.6,13,14,14.6,15.8,13.6,,,,17.1,16.9,11.4,17,18,14.8,15.8,15.2,,,,,,,,,,,,,,,,,,,,,,,,,,,,,,,,,,,,,,
6-Jun,15.1,14.9,12.3,13.5,14.3,14.4,14,13.4,,,,17.1,16.5,11,16.2,15.2,14,15.7,15.4,,,,,,,,,,,,,,,,,,,,,,,,,,,,,,,,,,,,,,
7-Jun,15.1,14.7,12.5,14.1,14.2,14.2,12.9,11.5,,,,16.4,16.5,12.4,16.9,18.5,12.7,16,15.3,,,,,,,,,,,,,,,,,,,,,,,,,,,,,,,,,,,,,,
8-Jun,14.1,14.5,13,12.6,14,14.2,13.4,11.4,,,,17.1,17.4,13.2,16.7,15.6,14,,15.2,,,,,,,,,,,,,,,,,,,,,,,,,,,,,,,,,,,,,,
9-Jun,14,14.5,13.6,14.5,13.9,14.5,14.1,14.2,,,,16.6,17.3,14.5,14.5,17.2,14.8,16.3,15.2,,,,,,,,,,,,,,,,,,,,,,,,,,,,,,,,,,,,,,
10-Jun,15,15,13.6,14.6,13.7,13.9,12.6,14.2,,,,16.1,17.3,15.8,16.7,15.6,13.7,16.4,14.7,,,,,,,,,,,,,,,,,,,,,,,,,,,,,,,,,,,,,,
11-Jun,15,14.2,13.8,11.6,13.8,14.5,14.5,12.9,,,,16.2,14.2,,16.7,15,14.5,15.2,14.9,,,,,,,,,,,,,,,,,,,,,,,,,,,,,,,,,,,,,,
12-Jun,15.1,12.6,12.4,14.7,14.3,13.3,15,12.8,,,,16.3,15,,16.2,15.8,15.4,15,14.8,,,,,,,,,,,,,,,,,,,,,,,,,,,,,,,,,,,,,,
13-Jun,14.5,14.6,12.2,15.2,13.8,13.2,15.2,11.9,,,,16.2,15.9,12.3,15.9,17.6,13.3,14.9,14.5,,,,,,,,,,,,,,,,,,,,,,,,,,,,,,,,,,,,,,
14-Jun,15.2,13.1,14.1,14,13.5,14.1,14.9,12.4,,,,12.6,16.9,,16,17.2,13,14.9,14.8,,,,,,,,,,,,,,,,,,,,,,,,,,,,,,,,,,,,,,
15-Jun,15,14,14.4,12.7,13.6,13,13,13.2,,,,16.2,16.9,,14.9,16.7,15.5,15.4,14.4,,,,,,,,,,,,,,,,,,,,,,,,,,,,,,,,,,,,,,
16-Jun,15,14.5,14.1,13.1,13.7,14.1,14.2,13,,,,13.6,16,,16.4,16.7,14.4,15,14.1,,,,,,,,,,,,,,,,,,,,,,,,,,,,,,,,,,,,,,
17-Jun,13.9,14.5,14,14,13,13.8,12.5,12,,,,13.7,16.6,,16.4,16.9,15.6,15.1,14.3,,,,,,,,,,,,,,,,,,,,,,,,,,,,,,,,,,,,,,
18-Jun,15,14.4,14,14.3,14,13.9,14.5,13.7,,,,14,16.1,,16.7,17,12,15.4,14.4,,,,,,,,,,,,,,,,,,,,,,,,,,,,,,,,,,,,,,
19-Jun,14.5,14,14,14.5,14.7,11,14.8,13.2,,,,14.8,13.5,,17.2,17.1,15.6,15.3,14.1,,,,,,,,,,,,,,,,,,,,,,,,,,,,,,,,,,,,,,
20-Jun,14.3,13.4,13.2,13.6,12,14.7,15,13.4,,,,17,13.6,,18,15.7,12.3,14.4,13.7,,,,,,,,,,,,,,,,,,,,,,,,,,,,,,,,,,,,,,
21-Jun,14.3,14,14.4,13.5,12.7,14.5,14.9,11.6,,,,16.2,15,,17.8,17.5,10.9,16.1,13.8,,,,,,,,,,,,,,,,,,,,,,,,,,,,,,,,,,,,,,
22-Jun,14,13.5,14,13.9,11.9,14.2,12,12.3,,,,16.2,16.6,,16.8,15.4,14.1,15.9,14.3,,,,,,,,,,,,,,,,,,,,,,,,,,,,,,,,,,,,,,
23-Jun,14,13.5,14,12.6,13.4,14.5,14,11.8,,,,15.8,13.9,14.5,16.8,16.8,,14.3,14.5,,,,,,,,,,,,,,,,,,,,,,,,,,,,,,,,,,,,,,
24-Jun,14,13.2,14.6,13,13.9,14.4,14.9,11.7,,,,15.2,14.2,,14.3,16.9,14.8,14.6,14.2,,,,,,,,,,,,,,,,,,,,,,,,,,,,,,,,,,,,,,
25-Jun,14,13.5,14.4,13.5,13.4,12.5,14.5,11.2,,,,15.4,12.1,,16.9,17.6,12.3,12.8,14.2,,,,,,,,,,,,,,,,,,,,,,,,,,,,,,,,,,,,,,
26-Jun,12.5,13.3,14.6,14.5,12.8,13,15.2,13.3,,,,,12.9,14.1,17,17.3,14.1,12.4,14.3,,,,,,,,,,,,,,,,,,,,,,,,,,,,,,,,,,,,,,
27-Jun,15,12.5,12.6,14.5,11.6,13.5,14.8,13.2,,,,,13.5,14,16.5,17.6,15.2,15.8,13.8,,,,,,,,,,,,,,,,,,,,,,,,,,,,,,,,,,,,,,
28-Jun,14.6,12.5,12.6,14.1,13.6,14.5,15.2,13.2,,,,,16.3,13.1,12.7,15.9,14.1,15.8,14.2,,,,,,,,,,,,,,,,,,,,,,,,,,,,,,,,,,,,,,
29-Jun,14.2,12.6,14.5,11.8,13.4,14.3,13.1,11,,,,,15.9,13.2,16.6,17.1,15.3,15.7,14.8,,,,,,,,,,,,,,,,,,,,,,,,,,,,,,,,,,,,,,
30-Jun,14.5,13.5,14,11.6,13.8,10.7,14.8,13,,,,14.6,16.1,,16.8,17.2,,15.6,13.6,,,,,,,,,,,,,,,,,,,,,,,,,,,,,,,,,,,,,,
1-Jul,14.4,14.1,14.1,13.1,13.3,15.1,15,13,,,,15.2,15.4,,15.4,15.4,15.1,15.2,13.7,,,,,,,,,,,,,,,,,,,,,,,,,,,,,,,,,,,,,,
2-Jul,14.6,13.6,14.4,13.1,13,14.7,15.2,13,,,,14.3,15.8,13,15.5,15.5,15.2,15.2,13.7,,,,,,,,,,,,,,,,,,,,,,,,,,,,,,,,,,,,,,
3-Jul,14.5,13.6,14,15.6,12.5,14.4,15.1,12.7,,,,14.5,15.8,13.9,15.1,17.4,14,15.5,14.2,,,,,,,,,,,,,,,,,,,,,,,,,,,,,,,,,,,,,,
4-Jul,14.8,13.9,14,15.5,12.4,14.5,15,13,,,,15.1,16,13,15.5,17.3,13.8,16.1,14.2,,,,,,,,,,,,,,,,,,,,,,,,,,,,,,,,,,,,,,
5-Jul,14.6,14.1,13.6,14.9,14.6,12.7,15,13,,,,15.1,16.1,12,15.2,17,16,14.5,12.9,,,,,,,,,,,,,,,,,,,,,,,,,,,,,,,,,,,,,,
6-Jul,14.9,14,13,15.9,14.2,14.7,16.1,14.5,,,,14.8,16.1,13.2,15.3,17.1,15,15.8,14.5,,,,,,,,,,,,,,,,,,,,,,,,,,,,,,,,,,,,,,
7-Jul,14.9,14.9,13.5,15.5,14,14.9,15.5,13.1,,,,14.9,15.9,13.4,15.3,16.1,15,13.8,14.2,,,,,,,,,,,,,,,,,,,,,,,,,,,,,,,,,,,,,,
8-Jul,14.5,14,13.1,14.7,13.8,13.8,16,12.5,,,,14.9,16,13.8,14.6,16.2,13.4,15.3,14.2,,,,,,,,,,,,,,,,,,,,,,,,,,,,,,,,,,,,,,
9-Jul,14.5,14.3,13.3,14.4,14,13.8,16.2,13.5,,,,14.8,16,11.9,14.4,16,14.7,15.4,14.2,,,,,,,,,,,,,,,,,,,,,,,,,,,,,,,,,,,,,,
10-Jul,14.6,13.9,13.4,14.9,14,14,15.2,13.3,,,,15,16.2,13.1,14.5,14,15,14.4,14.6,,,,,,,,,,,,,,,,,,,,,,,,,,,,,,,,,,,,,,
11-Jul,14.7,13.8,13.8,14.6,13.9,12,14.1,13.4,,,,15.2,16.5,13.4,14.3,13.9,15.7,15.5,14.5,,,,,,,,,,,,,,,,,,,,,,,,,,,,,,,,,,,,,,
12-Jul,14.1,14,13.7,14.9,13,14.2,15.1,13.3,,,,14.9,16.3,13.7,14.4,,15.4,15.4,14.5,,,,,,,,,,,,,,,,,,,,,,,,,,,,,,,,,,,,,,
13-Jul,14.3,13.7,13.6,15,13.8,13.8,14.9,12.8,,,,14.1,,13.9,14.2,14.8,14.5,14.8,14,,,,,,,,,,,,,,,,,,,,,,,,,,,,,,,,,,,,,,
14-Jul,14.3,13.8,13.7,14,13.9,14.3,15.1,12.9,,,,14.8,14.6,13.5,14.6,15.3,15.4,15.6,14.9,,,,,,,,,,,,,,,,,,,,,,,,,,,,,,,,,,,,,,
15-Jul,14.1,12.5,13.6,13.9,14,13.9,15,12.5,,,,14.1,,13.2,13.9,15.3,15.4,14.8,14.6,,,,,,,,,,,,,,,,,,,,,,,,,,,,,,,,,,,,,,
16-Jul,13.5,13.7,13.7,14.4,11.5,13.8,15.2,13.2,,,,,15.6,13.7,13.9,15.7,14.7,15,14.4,,,,,,,,,,,,,,,,,,,,,,,,,,,,,,,,,,,,,,
17-Jul,14,13.4,13,10.4,14,14.5,13.1,13.3,,,,,15.7,13,13.1,15.2,14.7,15.5,14.3,,,,,,,,,,,,,,,,,,,,,,,,,,,,,,,,,,,,,,
18-Jul,14,13.6,14,10.7,13.5,13.6,15.3,13.3,,,,,16.2,13.5,14.4,15.2,14.7,15.2,14.2,,,,,,,,,,,,,,,,,,,,,,,,,,,,,,,,,,,,,,
19-Jul,14.1,13,14,12,13.6,13.1,15,12.7,,,,,16.5,13.6,12.2,14.8,14.2,14.9,13.4,,,,,,,,,,,,,,,,,,,,,,,,,,,,,,,,,,,,,,
20-Jul,14,13.2,14.1,12.5,13,13.1,15.3,13.4,,,,,16,13.7,14.6,14.8,14.2,13.9,14.6,,,,,,,,,,,,,,,,,,,,,,,,,,,,,,,,,,,,,,
21-Jul,14.6,13.3,13.9,14.3,13,13.6,16.3,13.4,,,,,,12.7,14.8,15.1,14.2,14.1,14.1,,,,,,,,,,,,,,,,,,,,,,,,,,,,,,,,,,,,,,
22-Jul,14.5,14,13.7,15.1,12.5,13.9,14.9,13.1,,,,,16.1,13.8,14.2,16.1,14.7,11.6,14.8,,,,,,,,,,,,,,,,,,,,,,,,,,,,,,,,,,,,,,
23-Jul,14,14.8,13.8,15.2,13.6,13.9,15,13.4,,,,,14.3,12.9,14.1,15.9,,13,14.3,,,,,,,,,,,,,,,,,,,,,,,,,,,,,,,,,,,,,,
24-Jul,14.2,14,14,13.4,12.7,13.6,15.8,12.5,,,,,14.7,13.1,13.8,15.2,13.8,13.6,14.4,,,,,,,,,,,,,,,,,,,,,,,,,,,,,,,,,,,,,,
25-Jul,14,13.3,13.9,14.3,13.5,13.7,15,12.5,,,,,15.4,13.2,13.5,15.2,14.3,14.7,14.7,,,,,,,,,,,,,,,,,,,,,,,,,,,,,,,,,,,,,,
26-Jul,13.8,13.6,13.9,14.1,14,13.2,15.8,12.5,,,,13.8,15.6,13.4,13.5,14.9,14.4,14.7,14.2,,,,,,,,,,,,,,,,,,,,,,,,,,,,,,,,,,,,,,
27-Jul,13.8,13.6,13.9,14.2,13.6,13,15.9,13.3,,,,13.9,15.7,13.2,13.6,15,14.6,14.9,14.2,,,,,,,,,,,,,,,,,,,,,,,,,,,,,,,,,,,,,,
28-Jul,14.4,13.3,13.8,14,11.3,13.1,16.1,12.5,,,,12.1,15.7,13.4,13.5,14.5,12,14.6,14,,,,,,,,,,,,,,,,,,,,,,,,,,,,,,,,,,,,,,
29-Jul,13.7,14.2,14,14,13.6,13.2,15.9,12.4,,,,14.4,14.7,13.5,13.4,14.4,13.5,14.7,13.9,,,,,,,,,,,,,,,,,,,,,,,,,,,,,,,,,,,,,,
30-Jul,14.5,12.9,13.5,13.5,12.7,13.6,15.1,13.2,,,,14.6,14.8,13.4,13.2,14.1,,12.6,13.8,,,,,,,,,,,,,,,,,,,,,,,,,,,,,,,,,,,,,,
31-Jul,11,13,13.5,12.1,13.5,13.7,15.1,12.6,,,,14.4,15.2,13.4,13.2,15,,12.5,14,,,,,,,,,,,,,,,,,,,,,,,,,,,,,,,,,,,,,,
1-Ago,13.2,12.7,13.5,14,,12.2,15.8,12.5,,,,14.3,14.9,13.6,13.4,15.1,12.6,13.2,14.7,,,,,,,,,,,,,,,,,,,,,,,,,,,,,,,,,,,,,,
2-Ago,14.5,12.9,13.6,14,,11.8,15.3,13.1,,,,13.4,14.6,13,13.4,15.5,12.6,14.6,14.9,,,,,,,,,,,,,,,,,,,,,,,,,,,,,,,,,,,,,,
3-Ago,14.4,12.8,13.2,14.5,,11.2,14.6,12.4,,,,12.8,14.5,13.6,13.4,14.6,14.2,14.4,14.6,,,,,,,,,,,,,,,,,,,,,,,,,,,,,,,,,,,,,,
4-Ago,14.5,13.2,13,13.5,,13.6,14.9,13.3,,,,13,14.3,13.2,12.9,13.2,14.4,14.4,14.9,,,,,,,,,,,,,,,,,,,,,,,,,,,,,,,,,,,,,,
5-Ago,14.5,13.7,13,14,,13.2,14.6,13.1,,,,13,14.5,12.9,11.8,12.5,11.4,14.1,14.7,,,,,,,,,,,,,,,,,,,,,,,,,,,,,,,,,,,,,,
6-Ago,14.2,13.9,13.1,13.7,,14.6,15.1,13,,,,13.2,14.6,13,12.5,11.9,14.2,13.9,14.1,,,,,,,,,,,,,,,,,,,,,,,,,,,,,,,,,,,,,,
7-Ago,14.5,13.4,12.9,14,,13.8,15.2,12.4,,,,13.3,13.8,11.5,13.8,14.9,14.6,14.6,14.2,,,,,,,,,,,,,,,,,,,,,,,,,,,,,,,,,,,,,,
8-Ago,14.1,13.6,13.3,13.7,,14.1,15.1,12.6,,,,11.3,13.9,12.9,13.4,15,14.2,14.1,14.1,,,,,,,,,,,,,,,,,,,,,,,,,,,,,,,,,,,,,,
9-Ago,12.5,12.9,13.6,13.4,,13.7,15,12.4,,,,13.3,14.3,13,13.4,15.1,14,13.5,14.2,,,,,,,,,,,,,,,,,,,,,,,,,,,,,,,,,,,,,,
10-Ago,12.6,13.1,13.6,13.1,13.7,12.4,14.9,12,,,,13.1,14,11.6,13.8,14.9,12.3,14.4,14.4,,,,,,,,,,,,,,,,,,,,,,,,,,,,,,,,,,,,,,
11-Ago,14,13,13.4,13,13.5,14,14.4,12,,,,13.3,14,12.7,13.7,15.1,11.4,14.2,14.7,,,,,,,,,,,,,,,,,,,,,,,,,,,,,,,,,,,,,,
12-Ago,14.8,13.5,13.4,13.3,13,13.7,15.3,12.2,,,,14,13.8,12.6,14,15.4,14,10.7,14.8,,,,,,,,,,,,,,,,,,,,,,,,,,,,,,,,,,,,,,
13-Ago,14.5,12.9,13,12.8,12,13.4,15.4,12,,,,13.6,14,12.4,13.8,15.2,14.1,11.5,14.6,,,,,,,,,,,,,,,,,,,,,,,,,,,,,,,,,,,,,,
14-Ago,14.5,13.6,13,13.2,13.6,13.8,15,12.5,,,,11.5,13.9,10.8,11.9,14.4,14.1,14.3,14.7,,,,,,,,,,,,,,,,,,,,,,,,,,,,,,,,,,,,,,
15-Ago,13.5,13.1,13.1,13.5,13.4,12.6,15.3,12.5,,,,12.1,13.1,12.6,13.7,14.6,14.1,14.1,14.9,,,,,,,,,,,,,,,,,,,,,,,,,,,,,,,,,,,,,,
16-Ago,14.5,13.1,13.6,12,13.5,12.2,14.9,12.4,,,,,14.2,13.4,13.3,14.8,14.3,13.3,15.2,,,,,,,,,,,,,,,,,,,,,,,,,,,,,,,,,,,,,,
17-Ago,14.1,13.4,13.9,12,13.5,12.1,14.9,12.3,,,,,13.4,13.2,13.3,14.6,14.4,13.2,14.8,,,,,,,,,,,,,,,,,,,,,,,,,,,,,,,,,,,,,,
18-Ago,14.1,13,13.7,14,14,11.5,15,12,,,,13.4,14.1,13.4,13.6,13.1,14,13.5,14.3,,,,,,,,,,,,,,,,,,,,,,,,,,,,,,,,,,,,,,
19-Ago,14,13.4,13.4,13.7,13.5,13.2,15.2,12.5,,,,13.3,13.5,10.7,11.6,15.3,14,12,13.9,,,,,,,,,,,,,,,,,,,,,,,,,,,,,,,,,,,,,,
20-Ago,14.2,13.2,13.6,13.2,13.6,13.1,15.3,13.2,,,,13,13.7,13.2,14,14.6,14.1,12.8,14.4,,,,,,,,,,,,,,,,,,,,,,,,,,,,,,,,,,,,,,
21-Ago,14,13.4,13.5,13,13.1,14,15.3,12,,,,13,14,12.6,13.9,14.6,14.1,13.5,14.4,,,,,,,,,,,,,,,,,,,,,,,,,,,,,,,,,,,,,,
22-Ago,13.9,13.5,13.4,12.6,13.5,12.9,15.2,12.7,,,,13.1,13.9,12.9,13.8,14.9,12.7,12.2,14.1,,,,,,,,,,,,,,,,,,,,,,,,,,,,,,,,,,,,,,
23-Ago,13.5,13.8,13.3,13.8,13.5,12,15,13.1,,,,12.7,13.7,10.9,13.4,14.7,13.1,13.8,14.2,,,,,,,,,,,,,,,,,,,,,,,,,,,,,,,,,,,,,,
24-Ago,13.5,13.9,13.2,12,13.4,12.9,14.8,12.5,,,,12.9,13.6,14.2,13.3,14.7,14.8,13.4,,,,,,,,,,,,,,,,,,,,,,,,,,,,,,,,,,,,,,,
25-Ago,14.5,14,13.7,13.5,13.6,13.4,15,12.2,,,,12.5,13.5,13.7,13.3,13.2,13.8,13.6,14.4,,,,,,,,,,,,,,,,,,,,,,,,,,,,,,,,,,,,,,
26-Ago,14.8,13.5,13.8,13.8,13.3,13.3,14.2,12,,,,12.6,13.7,13.4,13.6,15.2,14.4,13.8,14.3,,,,,,,,,,,,,,,,,,,,,,,,,,,,,,,,,,,,,,
27-Ago,14.5,13.5,14.5,13.3,12,14.3,15,12.3,,,,13.1,13.9,13.2,11.7,15.2,14.5,12.8,14.2,,,,,,,,,,,,,,,,,,,,,,,,,,,,,,,,,,,,,,
28-Ago,14.5,13.6,14.3,13.5,11.6,11.3,15.2,12.6,,,,12.8,14.3,13.4,14.1,14.8,14.2,12.5,14.2,,,,,,,,,,,,,,,,,,,,,,,,,,,,,,,,,,,,,,
29-Ago,14,13.6,14.1,14,13.5,13.8,15.8,12.5,,,,12.5,14.3,12.1,13.7,14,12,12.4,14.3,,,,,,,,,,,,,,,,,,,,,,,,,,,,,,,,,,,,,,
30-Ago,14,13.7,14,13.5,12.8,14.1,14.6,12.8,,,,12.7,13.7,13.4,13.3,15.2,14.4,14.1,14.7,,,,,,,,,,,,,,,,,,,,,,,,,,,,,,,,,,,,,,
31-Ago,14.5,13.6,14,13.4,11,12.2,14.5,12.5,,,,13.1,14.2,13.7,14.3,15.6,14.4,13.4,14.8,,,,,,,,,,,,,,,,,,,,,,,,,,,,,,,,,,,,,,
1-Set,14.1,14.4,13.8,13.7,,13,14.8,13,,,,10.6,14.1,12.9,14.1,16.4,14.3,12.4,13.5,,,,,,,,,,,,,,,,,,,,,,,,,,,,,,,,,,,,,,
2-Set,14,14,13.9,13.7,,13.8,15.3,12.8,,,,13.1,10.3,12.9,13.8,13.6,14.3,13.9,13.8,,,,,,,,,,,,,,,,,,,,,,,,,,,,,,,,,,,,,,
3-Set,14.2,13.9,14.4,13.5,,13.1,15.8,11.6,,,,13,13.3,12.8,13.9,15.3,14.4,13.9,12.1,,,,,,,,,,,,,,,,,,,,,,,,,,,,,,,,,,,,,,
4-Set,14,14,14.3,13.2,,12.9,13.2,12.5,,,,12.9,14.5,13.6,13.6,15.7,14.5,14.1,14.7,,,,,,,,,,,,,,,,,,,,,,,,,,,,,,,,,,,,,,
5-Set,14.2,14,14,14.1,,12.8,15.3,12.1,,,,12.1,13.9,13.4,13.4,14.7,14.6,13.5,12.3,,,,,,,,,,,,,,,,,,,,,,,,,,,,,,,,,,,,,,
6-Set,13.6,13.9,13.5,13.6,,13.4,15.4,12.5,,,,13.3,14.3,13,13.7,14.5,13.9,13.8,11.3,,,,,,,,,,,,,,,,,,,,,,,,,,,,,,,,,,,,,,
7-Set,14.1,14,13.5,14,,13.1,14.7,12.8,,,,12.8,15,13.5,13.7,16.1,14.1,14.5,13.9,,,,,,,,,,,,,,,,,,,,,,,,,,,,,,,,,,,,,,
8-Set,12.5,13.5,13.4,14,,13.1,13.5,13.3,,,,12.4,14.6,11.6,13.8,15.3,14.2,14,14.7,,,,,,,,,,,,,,,,,,,,,,,,,,,,,,,,,,,,,,
9-Set,14,13.5,13.9,14,,13.8,13,13.2,,,,12.7,14,11.8,14.1,14.7,14.2,14,14.6,,,,,,,,,,,,,,,,,,,,,,,,,,,,,,,,,,,,,,
10-Set,14.3,13.3,13.9,13.4,14.8,12.5,15,12.8,,,,11.6,14.2,12.7,13.4,14.9,12.3,13.7,14.5,,,,,,,,,,,,,,,,,,,,,,,,,,,,,,,,,,,,,,
11-Set,14.1,13.5,13.7,13.4,14.4,13.6,12.5,12.5,,,,11.6,13,14.3,13.5,15.1,14.5,13.6,14.5,,,,,,,,,,,,,,,,,,,,,,,,,,,,,,,,,,,,,,
12-Set,14.2,14,13.4,13.6,14.1,13.3,15,12.9,,,,13.4,14.5,14,12.9,13.9,13.9,13.6,14.3,,,,,,,,,,,,,,,,,,,,,,,,,,,,,,,,,,,,,,
13-Set,13.7,13.5,13.9,13.8,14.2,13.9,14.6,12.3,,,,13.2,14.2,12.2,13.3,13.6,14.1,13.6,13.1,,,,,,,,,,,,,,,,,,,,,,,,,,,,,,,,,,,,,,
14-Set,13.5,14.1,13.6,13.6,13.9,14,14.7,12.4,,,,10.3,14.2,12.3,12.8,15.7,,13.7,13.8,,,,,,,,,,,,,,,,,,,,,,,,,,,,,,,,,,,,,,
15-Set,14.1,13.2,13.6,13,13.5,13.8,14.9,12.5,,,,13,15,13.4,14.7,15.6,13.7,13.1,13.9,,,,,,,,,,,,,,,,,,,,,,,,,,,,,,,,,,,,,,
16-Set,13.5,13,13.7,13.2,14,13.2,15.3,12.6,,,,13.6,15.3,14.3,14.3,15.1,14.9,13.4,14.3,,,,,,,,,,,,,,,,,,,,,,,,,,,,,,,,,,,,,,
17-Set,14.1,13,13.5,14,14,13,15,12.7,,,,12.8,14.9,13.9,14.1,14.8,15,13,14,,,,,,,,,,,,,,,,,,,,,,,,,,,,,,,,,,,,,,
18-Set,13.8,12.8,13.5,13.5,15.2,12.7,15,12.6,,,,12.7,15,13.8,14.3,14.9,12.6,13.6,14.3,,,,,,,,,,,,,,,,,,,,,,,,,,,,,,,,,,,,,,
19-Set,13.5,12.8,13,13.9,14.9,13,14.9,12.5,,,,11.7,14.5,11.3,14.2,15.3,14.8,14.3,13.7,,,,,,,,,,,,,,,,,,,,,,,,,,,,,,,,,,,,,,
20-Set,13.5,12.6,13.7,14,15.2,11.5,14.5,12.4,,,,13.1,14.5,14,14.1,15.7,14.9,13.9,13.5,,,,,,,,,,,,,,,,,,,,,,,,,,,,,,,,,,,,,,
21-Set,14,12.4,13.8,14,14.9,12.8,15.6,12.4,,,,13.3,14,14.3,13.7,15.8,14.6,13.4,13.7,,,,,,,,,,,,,,,,,,,,,,,,,,,,,,,,,,,,,,
22-Set,14,13.6,13.5,13.9,14.7,13.8,13.5,12.4,,,,12.8,13.9,14.1,13.7,16.3,15.3,13.4,12.8,,,,,,,,,,,,,,,,,,,,,,,,,,,,,,,,,,,,,,
23-Set,14.1,13.1,13.4,14.6,14.9,12.5,14,12.3,,,,12.9,13.7,13.6,13.7,15.7,15.6,13.6,13.7,,,,,,,,,,,,,,,,,,,,,,,,,,,,,,,,,,,,,,
24-Set,13.4,12.8,13.1,14.5,14.8,13,13.2,12.1,,,,13.1,14.5,13.5,12.5,15.7,14.8,13.4,14.1,,,,,,,,,,,,,,,,,,,,,,,,,,,,,,,,,,,,,,
25-Set,13,13.2,13.5,14.5,14.5,13.7,14,12,,,,12.4,14.8,13.5,13.9,15.1,15.2,13,13.9,,,,,,,,,,,,,,,,,,,,,,,,,,,,,,,,,,,,,,
26-Set,13,13.5,14,14.1,14.7,12.9,14.2,12.2,,,,11.9,15,13.8,13.4,15.5,14.8,12.3,12.6,,,,,,,,,,,,,,,,,,,,,,,,,,,,,,,,,,,,,,
27-Set,14,12.4,14.1,14,15,11.5,14.2,12,,,,12.8,15.1,13.5,13.3,14.9,14.4,12.2,13,,,,,,,,,,,,,,,,,,,,,,,,,,,,,,,,,,,,,,
28-Set,14.1,13.1,14.7,13.9,14.6,12,13,12,,,,11.4,,14,13.6,15,14.8,10.9,14.5,,,,,,,,,,,,,,,,,,,,,,,,,,,,,,,,,,,,,,
29-Set,13.4,11.6,14.9,14.5,14.8,13.5,14.4,12,,,,12.6,,13.7,14,15.3,15.3,11.7,13.9,,,,,,,,,,,,,,,,,,,,,,,,,,,,,,,,,,,,,,
30-Set,13.3,12.6,14.5,13,14.5,13,14.3,12.4,,,,12,,14,13.8,15.7,15.6,12.6,15.1,,,,,,,,,,,,,,,,,,,,,,,,,,,,,,,,,,,,,,
1-Oct,14.6,13.6,14.6,14,,13.1,12.6,10.6,,,,11.6,13.9,13.5,13.8,13.5,15.2,12.4,13.2,,,,,,,,,,,,,,,,,,,,,,,,,,,,,,,,,,,,,,
2-Oct,15,13.1,14.6,13.8,,13.1,12.5,11.8,,,,12.8,,13.7,12.5,14.3,15.3,11.4,11.9,,,,,,,,,,,,,,,,,,,,,,,,,,,,,,,,,,,,,,
3-Oct,14.9,13,14.7,12.5,,10.5,14.6,12.3,,,,13,,13.4,13.3,14.6,15.5,12.7,14,,,,,,,,,,,,,,,,,,,,,,,,,,,,,,,,,,,,,,
4-Oct,13.6,13.6,14.2,12.1,,12.5,14.7,12.2,,,,14.6,,13.4,13.9,16.5,15.2,13.8,14.4,,,,,,,,,,,,,,,,,,,,,,,,,,,,,,,,,,,,,,
5-Oct,13.3,13.8,15.3,14.1,,12.9,14.2,12.2,,,,14.2,,12.5,13.8,15.9,14.7,14.1,15.5,,,,,,,,,,,,,,,,,,,,,,,,,,,,,,,,,,,,,,
6-Oct,13,13.4,15.4,14.2,,13.9,13.5,12.4,,,,14.2,,11.8,11.7,16.1,15,14,15.6,,,,,,,,,,,,,,,,,,,,,,,,,,,,,,,,,,,,,,
7-Oct,12.9,14,14.4,14.4,,13.2,14.7,11.5,,,,14,,,14.1,16.2,13,14.1,15.7,,,,,,,,,,,,,,,,,,,,,,,,,,,,,,,,,,,,,,
8-Oct,14.5,12.6,14.1,14.6,,12,14.5,12.5,,,,14,,,14.3,15.9,13,13.9,16,,,,,,,,,,,,,,,,,,,,,,,,,,,,,,,,,,,,,,
9-Oct,15,14.6,14,14,,12.2,13.5,12.1,,,,14,,13.6,12.9,16.7,15.4,12.5,15.6,,,,,,,,,,,,,,,,,,,,,,,,,,,,,,,,,,,,,,
10-Oct,15.3,13.5,15.5,14.4,14.9,13.8,15.1,13.4,,,,14.1,,,13.8,16.5,13.9,13.6,14.9,,,,,,,,,,,,,,,,,,,,,,,,,,,,,,,,,,,,,,
11-Oct,15,14,15.3,14.9,14,14.1,14.7,12.6,,,12.4,13.9,,13.5,14.4,14,14.7,13.7,15.7,,,,,,,,,,,,,,,,,,,,,,,,,,,,,,,,,,,,,,
12-Oct,15,12.1,14.5,13.5,12.5,13.5,15,12.5,,,11.5,14,14,,15.1,15.6,14.9,13.2,16,,,,,,,,,,,,,,,,,,,,,,,,,,,,,,,,,,,,,,
13-Oct,15.1,13.9,14.5,14.5,12.4,13.8,14.5,12.6,,,11.5,13.5,15.1,,14.8,15.9,16,13.8,15.1,,,,,,,,,,,,,,,,,,,,,,,,,,,,,,,,,,,,,,
14-Oct,14.5,13.9,14,14.5,14.5,13.8,15.6,11.6,,,13.3,13.5,14.5,,14.8,16.2,13.8,13.6,15.5,,,,,,,,,,,,,,,,,,,,,,,,,,,,,,,,,,,,,,
15-Oct,14.6,14.1,15.4,15.2,15,13.3,15.5,11.7,,,13.5,13.7,13.9,,15.1,15.3,13,14,15.1,,,,,,,,,,,,,,,,,,,,,,,,,,,,,,,,,,,,,,
16-Oct,14.5,12.8,14.4,14,14.6,13.5,15.5,12.5,,,12.5,13.7,14.2,,14.7,15.8,15.4,14.1,14.3,,,,,,,,,,,,,,,,,,,,,,,,,,,,,,,,,,,,,,
17-Oct,15.2,14.4,13.7,15.2,13.9,13,16,12.6,,,11.5,12.4,15.2,,13.5,16.1,13.6,12.8,14.2,,,,,,,,,,,,,,,,,,,,,,,,,,,,,,,,,,,,,,
18-Oct,15,14.5,15.1,14.2,14.9,13,16.1,12.4,,,12,12.9,,,13.6,16.4,15.1,14.2,15.2,,,,,,,,,,,,,,,,,,,,,,,,,,,,,,,,,,,,,,
19-Oct,14.4,14.4,13.6,14.9,14,13.2,15,12.3,,,12.7,11.6,14.3,,14.3,17,15.1,13.7,13.6,,,,,,,,,,,,,,,,,,,,,,,,,,,,,,,,,,,,,,
20-Oct,14.7,14,13.9,14.3,14,14.1,15.4,11.2,,,14.3,13.2,14.3,,13.1,16.9,15.5,13.8,15.6,,,,,,,,,,,,,,,,,,,,,,,,,,,,,,,,,,,,,,
21-Oct,15.4,15,13.8,14.3,15,12.9,16.2,13,,,13.8,10.5,,,15.3,16.5,15.5,13.5,15.5,,,,,,,,,,,,,,,,,,,,,,,,,,,,,,,,,,,,,,
22-Oct,15.4,14.4,15.5,15.4,14.5,14.1,16,12.7,,,14.3,12.2,15.1,,14.3,16.5,14.3,14.6,15.2,,,,,,,,,,,,,,,,,,,,,,,,,,,,,,,,,,,,,,
23-Oct,15,14.3,16.3,15.3,14.9,14.6,16.2,14,,,14.3,11.2,14.2,,15.4,16.6,15.6,15.2,14.8,,,,,,,,,,,,,,,,,,,,,,,,,,,,,,,,,,,,,,
24-Oct,15.5,14.5,15,15.6,15,14.5,16,14.1,,,13.9,13.2,14.5,,15.3,16.9,,14.6,15.4,,,,,,,,,,,,,,,,,,,,,,,,,,,,,,,,,,,,,,
25-Oct,15,15.1,16,15.8,14.5,14.1,16.5,13.7,,,12.5,14.4,14.9,,15.1,16.6,15.7,14.6,15,,,,,,,,,,,,,,,,,,,,,,,,,,,,,,,,,,,,,,
26-Oct,13.5,15.4,16.1,15.5,15.5,12.1,16.4,13.5,,,14.6,15,13.9,,13.8,16.8,15,14.5,14.9,,,,,,,,,,,,,,,,,,,,,,,,,,,,,,,,,,,,,,
27-Oct,14.5,16,14.5,15.6,15,14,16.5,14,,,14.2,14.1,14.5,,14.3,16.6,13.8,13.3,15,,,,,,,,,,,,,,,,,,,,,,,,,,,,,,,,,,,,,,
28-Oct,15,15.4,14.4,15,15,12.9,17,14,,,13.9,12.9,15.5,,15,16.8,,14,13.5,,,,,,,,,,,,,,,,,,,,,,,,,,,,,,,,,,,,,,
29-Oct,14.8,14.6,14.9,15.5,15.2,13.9,15.9,14.7,,,14,15.2,,,16.4,16.5,15.1,14.1,15.3,,,,,,,,,,,,,,,,,,,,,,,,,,,,,,,,,,,,,,
30-Oct,14.6,14.6,15.6,16,13.7,14.3,16.6,14.5,,,13.3,14,,,15.4,16.2,15.4,14.4,14.4,,,,,,,,,,,,,,,,,,,,,,,,,,,,,,,,,,,,,,
31-Oct,12.9,15.4,16,15.9,,14,14,14.6,,,11.5,13,,,15.2,15.8,16.4,11.7,14.4,,,,,,,,,,,,,,,,,,,,,,,,,,,,,,,,,,,,,,
1-Nov,13,15.6,16,15,,12,13.9,13.5,,,13.2,13.7,15.7,,15.3,16.2,12.8,14.3,16,,,,,,,,,,,,,,,,,,,,,,,,,,,,,,,,,,,,,,
2-Nov,12.6,15.5,15.5,14.6,,13.9,15,14.4,,,13.6,15.1,,,16.3,16.2,11.2,14.4,15.2,,,,,,,,,,,,,,,,,,,,,,,,,,,,,,,,,,,,,,
3-Nov,12.6,15.1,15.5,16,,11.5,15.6,13.9,,,14.2,14.7,15.3,,12.2,16.9,11.8,14.7,16.3,,,,,,,,,,,,,,,,,,,,,,,,,,,,,,,,,,,,,,
4-Nov,14,15,15.6,14,,11.5,15.9,14.9,,,14.2,15.2,14.6,,15.5,15.4,13.1,14.5,16.4,,,,,,,,,,,,,,,,,,,,,,,,,,,,,,,,,,,,,,
5-Nov,14.4,15.6,16,15.7,,13.1,16.5,13.6,,,13.5,13.6,15.1,,15.4,14.1,14.2,14.4,16.9,,,,,,,,,,,,,,,,,,,,,,,,,,,,,,,,,,,,,,
6-Nov,14.1,15.1,15.8,16.9,,14.1,16.2,14.5,,,11.9,14.1,14.7,15.1,14.7,16.1,15.8,11.5,16.5,,,,,,,,,,,,,,,,,,,,,,,,,,,,,,,,,,,,,,
7-Nov,16.5,15.1,16,16,,15,14.6,14,,,13.3,15.3,13.9,15.1,14.3,16.6,14.2,14.4,16.6,,,,,,,,,,,,,,,,,,,,,,,,,,,,,,,,,,,,,,
8-Nov,14,15.1,15.6,14.1,,15.1,15.5,13.5,,,11.8,13.5,15.5,,14.1,15.6,13.2,11.2,16.6,,,,,,,,,,,,,,,,,,,,,,,,,,,,,,,,,,,,,,
9-Nov,15.5,13.8,16,15,,15,16,14,,,11.1,,15.4,,16.4,16.2,14.6,12.7,16.7,,,,,,,,,,,,,,,,,,,,,,,,,,,,,,,,,,,,,,
10-Nov,16.1,19.5,15,14.1,16.2,15.5,16,13.9,,,14.5,,,,16.2,15.8,14.6,12.4,14.6,,,,,,,,,,,,,,,,,,,,,,,,,,,,,,,,,,,,,,
11-Nov,15,13,14.1,16.7,16,16,15,12.1,,,13.9,,,10.8,16.7,16.6,16.5,12.5,16.6,,,,,,,,,,,,,,,,,,,,,,,,,,,,,,,,,,,,,,
12-Nov,14.7,15,15.5,15.8,15.5,15.4,16.5,11.9,,,14.1,,15.4,,16.3,17.1,14.1,14.7,14.6,,,,,,,,,,,,,,,,,,,,,,,,,,,,,,,,,,,,,,
13-Nov,14.6,14,15.2,15.3,16.1,14.5,16.2,12.3,,,12.8,,,12.7,16.2,16.7,14.2,13.1,15,,,,,,,,,,,,,,,,,,,,,,,,,,,,,,,,,,,,,,
14-Nov,14,14.6,15.5,15,16.4,15.5,16.4,14,,,13.7,,15.1,,16.3,16.1,16.2,13.3,16.1,,,,,,,,,,,,,,,,,,,,,,,,,,,,,,,,,,,,,,
15-Nov,12.8,14.6,14.4,16.6,17.5,13.9,16.5,13.8,,,14.2,,15.2,,16.4,16.6,17.9,14.9,16.3,,,,,,,,,,,,,,,,,,,,,,,,,,,,,,,,,,,,,,
16-Nov,13.1,15.2,14.2,15,17.3,15,13.8,14.8,,,14.2,,,,15.8,16.8,14.5,13.4,14.8,,,,,,,,,,,,,,,,,,,,,,,,,,,,,,,,,,,,,,
17-Nov,14.1,14.4,16.6,16.7,16.5,15,15,14.6,,,14.9,,16,14.1,16.4,16.5,13.4,16.3,14.8,,,,,,,,,,,,,,,,,,,,,,,,,,,,,,,,,,,,,,
18-Nov,14,14.5,16,15.7,16.5,15.1,15.1,14,,,14,17,,,16.5,16.6,13.6,15.1,16.3,,,,,,,,,,,,,,,,,,,,,,,,,,,,,,,,,,,,,,
19-Nov,14.6,14.6,16.9,15.2,17.2,15.2,17,14,,,12.9,15.2,15.8,,17.1,16.4,13.4,15.4,12.9,,,,,,,,,,,,,,,,,,,,,,,,,,,,,,,,,,,,,,
20-Nov,13.5,14.5,16.4,13,16.6,15.2,17,13.4,,,14.9,13.9,15.8,,17.4,16.5,14.6,13.7,15.3,,,,,,,,,,,,,,,,,,,,,,,,,,,,,,,,,,,,,,
21-Nov,14,14.4,16.4,16.5,16.8,15.5,16.5,15,,,14,15.2,16.2,,17,16.2,14,16.1,15.4,,,,,,,,,,,,,,,,,,,,,,,,,,,,,,,,,,,,,,
22-Nov,12.8,16,16.9,16.2,16.5,13.6,17,15.2,,,15.4,16,15.9,15.3,17,17,13.6,16,16.4,,,,,,,,,,,,,,,,,,,,,,,,,,,,,,,,,,,,,,
23-Nov,15,15.7,17.4,17.5,16,16.2,14,14.8,,,,16.4,16.1,15.4,13.3,16.6,13.9,16.2,14.3,,,,,,,,,,,,,,,,,,,,,,,,,,,,,,,,,,,,,,
24-Nov,14.5,15.5,16.5,16.5,17,12.9,15.3,15,,,,16.5,15.9,16.5,16.5,16.9,13.3,14.5,13.7,,,,,,,,,,,,,,,,,,,,,,,,,,,,,,,,,,,,,,
25-Nov,14.6,15,16.6,15.5,14,12.5,15,14.5,,,,16.4,15.7,13.9,16.8,16.1,15.1,13.6,16.6,,,,,,,,,,,,,,,,,,,,,,,,,,,,,,,,,,,,,,
26-Nov,15.6,16,17,14.9,15.5,12.5,17.3,13.9,,,,15.2,15.6,15.3,17,17.7,15.5,13.4,17,,,,,,,,,,,,,,,,,,,,,,,,,,,,,,,,,,,,,,
27-Nov,16,16,17,17.5,15,11.7,17.5,15.6,,,,12.8,14.8,,15.1,,15.9,15.9,16.1,,,,,,,,,,,,,,,,,,,,,,,,,,,,,,,,,,,,,,
28-Nov,11,17,17,18,15.4,16.1,17.5,16,,,,13.5,16.3,15.9,13,17.3,15.4,14.7,14.2,,,,,,,,,,,,,,,,,,,,,,,,,,,,,,,,,,,,,,
29-Nov,16.3,16.9,17.1,17.3,16.5,16.1,17.4,15.1,,,,15.9,15.3,16.2,16.7,17.4,14.6,15.5,12.8,,,,,,,,,,,,,,,,,,,,,,,,,,,,,,,,,,,,,,
30-Nov,16.8,16,17,17.6,15.9,15.1,16.3,15.5,,,,14.8,13.9,,16.7,17.3,15.5,16.7,15.6,,,,,,,,,,,,,,,,,,,,,,,,,,,,,,,,,,,,,,
1-Dic,15.9,16.4,17,17,,16.1,17,16.2,,,,14.8,14.5,,16.7,16.8,15.9,15.9,17.5,,,,,,,,,,,,,,,,,,,,,,,,,,,,,,,,,,,,,,
2-Dic,16.8,16.1,17.1,18.1,,14,17.5,15,,,,15,16.1,,14.5,17.4,15.4,14.5,13.5,,,,,,,,,,,,,,,,,,,,,,,,,,,,,,,,,,,,,,
3-Dic,16.7,16.2,17.5,18.4,,16.5,17.4,15.9,,,15.6,17.2,16.9,,15,17.3,17.2,15.3,16.7,,,,,,,,,,,,,,,,,,,,,,,,,,,,,,,,,,,,,,
4-Dic,16.5,15,17,18.8,,15.8,16.5,16,,,15.2,,,,15.3,15.7,17.1,15.9,15,,,,,,,,,,,,,,,,,,,,,,,,,,,,,,,,,,,,,,
5-Dic,16.5,16,17.5,18.3,,15.1,17,16.5,,,16.7,,,,15.9,16.6,16.5,16.8,18.2,,,,,,,,,,,,,,,,,,,,,,,,,,,,,,,,,,,,,,
6-Dic,16,15.3,17.4,17.6,,16.1,17.1,16.5,,,15.3,17.6,,,17.6,15.4,17.2,17,12.8,,,,,,,,,,,,,,,,,,,,,,,,,,,,,,,,,,,,,,
7-Dic,17,14.2,17.5,17.4,,13.9,16.9,16,,,15.2,16.6,17.1,,16.7,17.1,16.3,16.6,14.4,,,,,,,,,,,,,,,,,,,,,,,,,,,,,,,,,,,,,,
8-Dic,17,15.4,17.5,17.1,,13.3,16.5,16.1,,,15.9,17.3,16.8,,17.2,17.3,17.1,16.6,17.6,,,,,,,,,,,,,,,,,,,,,,,,,,,,,,,,,,,,,,
9-Dic,16.4,16.3,18.5,17.5,,15.1,15.5,12.8,,,14.7,16.3,,,17.2,15.3,17.9,14.3,18.1,,,,,,,,,,,,,,,,,,,,,,,,,,,,,,,,,,,,,,
10-Dic,16.6,14.6,14.8,18.2,18.5,17.3,17.9,13.8,,,15.8,16.9,16.6,,17.7,17.7,16.6,13.6,18.2,,,,,,,,,,,,,,,,,,,,,,,,,,,,,,,,,,,,,,
11-Dic,16.5,15.3,14.7,16.2,17.6,16.8,16.5,15.8,,,16.6,16.9,16.7,,16.9,17.1,17.1,14.3,18.3,,,,,,,,,,,,,,,,,,,,,,,,,,,,,,,,,,,,,,
12-Dic,17.4,16.8,14,16.5,18.4,16,18.5,17.2,,,16.7,16.2,14.7,,17.2,17.8,15.2,14.4,18,,,,,,,,,,,,,,,,,,,,,,,,,,,,,,,,,,,,,,
13-Dic,17.5,16.2,15,17,19.5,17.9,18.3,16,,,16.6,15.9,16.7,,18.2,18.2,15.5,15.4,15.6,,,,,,,,,,,,,,,,,,,,,,,,,,,,,,,,,,,,,,
14-Dic,17.2,16,16,17.6,19.6,17,18.5,16.4,,,14.5,16,17.1,,16.8,17.4,14.9,16.4,16.8,,,,,,,,,,,,,,,,,,,,,,,,,,,,,,,,,,,,,,
15-Dic,16.1,15.6,16.5,16.4,20.5,16.4,15.5,16.4,,,14,16.5,,,17,16.1,17.5,17.9,17.9,,,,,,,,,,,,,,,,,,,,,,,,,,,,,,,,,,,,,,
16-Dic,17,16.4,15.6,17,18.5,17,18.1,16.4,,,14.7,17.8,16.2,,18,16,15.8,17,16.9,,,,,,,,,,,,,,,,,,,,,,,,,,,,,,,,,,,,,,
17-Dic,17,16.6,18.4,17.2,19.2,17.9,18.3,17,,,14.6,18.2,17.7,,17.7,18.9,16.8,17.3,17.1,,,,,,,,,,,,,,,,,,,,,,,,,,,,,,,,,,,,,,
18-Dic,17,16.9,18.5,17.6,19,19.9,17.5,17.3,,,16.8,16.6,18.6,,17.7,18.8,17.9,15.6,18.7,,,,,,,,,,,,,,,,,,,,,,,,,,,,,,,,,,,,,,
19-Dic,17,17,18.4,17,19.2,19,19,17.1,,,15.1,17.1,,15.7,17.7,18.6,18.5,16.6,17.6,,,,,,,,,,,,,,,,,,,,,,,,,,,,,,,,,,,,,,
20-Dic,17.7,17.2,17.4,18.2,19,18.5,17.2,16,,,14.3,15.9,18.2,16.2,18,19.4,16.5,15.9,19.2,,,,,,,,,,,,,,,,,,,,,,,,,,,,,,,,,,,,,,
21-Dic,15.5,17,19,17,18.6,19.8,17.9,14.6,,,16.1,17.9,18.1,17.3,15.2,18.7,16.4,17.4,19.2,,,,,,,,,,,,,,,,,,,,,,,,,,,,,,,,,,,,,,
22-Dic,17.4,17,16.4,18.3,17.5,19.6,18,14.8,,,18.2,16.8,,16.3,15.2,19,17.3,17.7,19.1,,,,,,,,,,,,,,,,,,,,,,,,,,,,,,,,,,,,,,
23-Dic,18.5,16.5,15.7,17.4,17,19.4,18.9,15.7,,,17.7,16.3,16.2,16.4,17.4,18.8,17.5,17.2,18.7,,,,,,,,,,,,,,,,,,,,,,,,,,,,,,,,,,,,,,
24-Dic,18.5,17.6,16.1,17.8,17.5,19.7,18.6,17.6,,,18,15.5,18.6,17.8,17.4,19.2,18.2,17.3,19.2,,,,,,,,,,,,,,,,,,,,,,,,,,,,,,,,,,,,,,
25-Dic,18,17.6,18.4,18.2,18,19.4,17,16.5,,,16.9,17.2,18.7,16.3,17.3,19.2,17.7,18.2,18.7,,,,,,,,,,,,,,,,,,,,,,,,,,,,,,,,,,,,,,
26-Dic,18.5,17.3,16.1,18.7,15.8,20,18.4,16.6,,,17.5,17.8,18.1,,15.6,19,17.5,17.3,17.7,,,,,,,,,,,,,,,,,,,,,,,,,,,,,,,,,,,,,,
27-Dic,18.9,17.6,18.4,19.4,18,20,18.5,16.2,,,16.9,18.6,17.6,15.9,17,19.4,18.4,18.7,16.8,,,,,,,,,,,,,,,,,,,,,,,,,,,,,,,,,,,,,,
28-Dic,19,17.9,18.4,17.8,17,20,17.3,16.1,,,16.3,19.1,,16.6,17.9,19.7,18,18.6,18.1,,,,,,,,,,,,,,,,,,,,,,,,,,,,,,,,,,,,,,
29-Dic,19.1,17.9,18.6,17.6,18.1,19,18,17.2,,,16.9,17.3,15.7,15.4,15.7,18.4,18.1,18.7,19.1,,,,,,,,,,,,,,,,,,,,,,,,,,,,,,,,,,,,,,
30-Dic,19,17.6,17.5,19.7,18,18.6,19,17.4,,,17.1,19.1,16.1,15.9,18.3,19.1,18.1,18.6,19.4,,,,,,,,,,,,,,,,,,,,,,,,,,,,,,,,,,,,,,
31-Dic,18.5,17,18.1,18.8,19.1,17.2,19.5,16.6,,,16.1,19.6,17.2,16,18.5,18.8,18.1,16.3,19.3,,,,,,,,,,,,,,,,,,,,,,,,,,,,,,,,,,,,,,
,,,,,,,,,,,,,,,,,,,,,,,,,,,,,,,,,,,,,,,,,,,,,,,,,,,,,,,,,
,,,,,,,,,,,,,,,,,,,,,,,,,,,,,,,,,,,,,,,,,,,,,,,,,,,,,,,,,
,,,,,,,,,,,,,,,,,,,,,,,,,,,,,,,,,,,,,,,,,,,,,,,,,,,,,,,,,
,,,,,,,,,,,,,,,,,,,,,,,,,,,,,,,,,,,,,,,,,,,,,,,,,,,,,,,,,
,,,,,,,,,,,,,,,,,,,,,,,,,,,,,,,,,,,,,,,,,,,,,,,,,,,,,,,,,
,,,,,,,,,,,,,,,,,,,,,,,,,,,,,,,,,,,,,,,,,,,,,,,,,,,,,,,,,
,,,,,,,,,,,,,,,,,,,,,,,,,,,,,,,,,,,,,,,,,,,,,,,,,,,,,,,,,
,,,,,,,,,,,,,,,,,,,,,,,,,,,,,,,,,,,,,,,,,,,,,,,,,,,,,,,,,
,,,,,,,,,,,,,,,,,,,,,,,,,,,,,,,,,,,,,,,,,,,,,,,,,,,,,,,,,
,,,,,,,,,,,,,,,,,,,,,,,,,,,,,,,,,,,,,,,,,,,,,,,,,,,,,,,,,
,,,,,,,,,,,,,,,,,,,,,,,,,,,,,,,,,,,,,,,,,,,,,,,,,,,,,,,,,
,,,,,,,,,,,,,,,,,,,,,,,,,,,,,,,,,,,,,,,,,,,,,,,,,,,,,,,,,
,,,,,,,,,,,,,,,,,,,,,,,,,,,,,,,,,,,,,,,,,,,,,,,,,,,,,,,,,
,,,,,,,,,,,,,,,,,,,,,,,,,,,,,,,,,,,,,,,,,,,,,,,,,,,,,,,,,
,,,,,,,,,,,,,,,,,,,,,,,,,,,,,,,,,,,,,,,,,,,,,,,,,,,,,,,,,
,,,,,,,,,,,,,,,,,,,,,,,,,,,,,,,,,,,,,,,,,,,,,,,,,,,,,,,,,
,,,,,,,,,,,,,,,,,,,,,,,,,,,,,,,,,,,,,,,,,,,,,,,,,,,,,,,,,
,,,,,,,,,,,,,,,,,,,,,,,,,,,,,,,,,,,,,,,,,,,,,,,,,,,,,,,,,
,,,,,,,,,,,,,,,,,,,,,,,,,,,,,,,,,,,,,,,,,,,,,,,,,,,,,,,,,
,,,,,,,,,,,,,,,,,,,,,,,,,,,,,,,,,,,,,,,,,,,,,,,,,,,,,,,,,
,,,,,,,,,,,,,,,,,,,,,,,,,,,,,,,,,,,,,,,,,,,,,,,,,,,,,,,,,
,,,,,,,,,,,,,,,,,,,,,,,,,,,,,,,,,,,,,,,,,,,,,,,,,,,,,,,,,
,,,,,,,,,,,,,,,,,,,,,,,,,,,,,,,,,,,,,,,,,,,,,,,,,,,,,,,,,
,,,,,,,,,,,,,,,,,,,,,,,,,,,,,,,,,,,,,,,,,,,,,,,,,,,,,,,,,
,,,,,,,,,,,,,,,,,,,,,,,,,,,,,,,,,,,,,,,,,,,,,,,,,,,,,,,,,
,,,,,,,,,,,,,,,,,,,,,,,,,,,,,,,,,,,,,,,,,,,,,,,,,,,,,,,,,
,,,,,,,,,,,,,,,,,,,,,,,,,,,,,,,,,,,,,,,,,,,,,,,,,,,,,,,,,
,,,,,,,,,,,,,,,,,,,,,,,,,,,,,,,,,,,,,,,,,,,,,,,,,,,,,,,,,
,,,,,,,,,,,,,,,,,,,,,,,,,,,,,,,,,,,,,,,,,,,,,,,,,,,,,,,,,
,,,,,,,,,,,,,,,,,,,,,,,,,,,,,,,,,,,,,,,,,,,,,,,,,,,,,,,,,
,,,,,,,,,,,,,,,,,,,,,,,,,,,,,,,,,,,,,,,,,,,,,,,,,,,,,,,,,
,,,,,,,,,,,,,,,,,,,,,,,,,,,,,,,,,,,,,,,,,,,,,,,,,,,,,,,,,
,,,,,,,,,,,,,,,,,,,,,,,,,,,,,,,,,,,,,,,,,,,,,,,,,,,,,,,,,
,,,,,,,,,,,,,,,,,,,,,,,,,,,,,,,,,,,,,,,,,,,,,,,,,,,,,,,,,
,,,,,,,,,,,,,,,,,,,,,,,,,,,,,,,,,,,,,,,,,,,,,,,,,,,,,,,,,
,,,,,,,,,,,,,,,,,,,,,,,,,,,,,,,,,,,,,,,,,,,,,,,,,,,,,,,,,
,,,,,,,,,,,,,,,,,,,,,,,,,,,,,,,,,,,,,,,,,,,,,,,,,,,,,,,,,
,,,,,,,,,,,,,,,,,,,,,,,,,,,,,,,,,,,,,,,,,,,,,,,,,,,,,,,,,
